project,episode,views,date
荷语猫,ep1,526,2025-06-19
荷语猫,ep2,638,2025-06-23
荷语猫,ep3,1100,2025-06-30
荷语猫,ep4,675,2025-07-03
荷语猫,ep5,645,2025-07-07
荷语猫,ep6,732,2025-07-14
荷语猫,ep7,891,2025-07-28
荷语猫,ep8,71,2025-07-31
荷语猫,ep9,503,2025-08-11
荷语猫,ep10,0,2025-08-18
英语猫,ep1,6,2025-06-19
英语猫,ep2,6,2025-06-23
英语猫,ep3,312,2025-06-30
英语猫,ep4,4,2025-07-03
英语猫,ep5,498,2025-07-07
英语猫,ep6,0,2025-07-14
英语猫,ep7,527,2025-07-28
英语猫,ep8,824,2025-07-31
英语猫,ep9,2,2025-08-11
英语猫,ep10,0,2025-08-18
魔法师系列,ep1,526,2025-06-19
魔法师系列,ep2,638,2025-06-23
魔法师系列,ep3,1100,2025-06-30
魔法师系列,ep4,150,2025-07-03
魔法师系列,ep5,675,2025-07-07
魔法师系列,ep6,645,2025-07-14
魔法师系列,ep7,540,2025-07-28
魔法师系列,ep8,0,2025-07-03
tk瞎聊,蚯蚓,714,2025-07-30
tk瞎聊,天赋,692,2025-07-31
tk瞎聊,旅游,37,2025-08-01
tk瞎聊,JD,697,2025-08-04
tk瞎聊,泛听,720,2025-08-05
tk瞎聊,听写,528,2025-08-06
tk瞎聊,爱好vs天赋,706,2025-08-07
tk瞎聊,搬家不必买车,692,2025-08-08
tk瞎聊,机场不必买车,22,2025-08-11
tk瞎聊,泛听速度,0,2025-08-12
yt瞎聊,蚯蚓,19,2025-07-30
yt瞎聊,天赋,31,2025-07-31
yt瞎聊,旅游,5,2025-08-01
yt瞎聊,JD,20,2025-08-04
yt瞎聊,泛听,1,2025-08-05
yt瞎聊,听写,15,2025-08-06
yt瞎聊,爱好vs天赋,25,2025-08-07
yt瞎聊,搬家不必买车,7,2025-08-08
yt瞎聊,机场不必买车,1,2025-08-11
yt瞎聊,泛听速度,0,2025-08-12